{"__type__":"cc.SpriteAtlas","_spriteFrames":{"mc-box":{"__uuid__":"fbbpxPGA1BvbTGjuzlRr/u"},"title":{"__uuid__":"ccuKyYnDBHia7yj3seteS2"},"greeting-bg":{"__uuid__":"b2Z/tUDGRKvYdqjze5hTYJ"},"button-play":{"__uuid__":"2eTOK+pHRF9JjWCXgSx3AY"},"skill-fire":{"__uuid__":"382UlwBcxAjp7DeS8ZkQNT"},"bomb-shadow":{"__uuid__":"cet090fI5BkrNkVFMWW0XR"},"skill-grass":{"__uuid__":"76/769kSFG84YxcyR+gaF5"},"skill-ice":{"__uuid__":"bdjR1s4UNOv7dVlz7leqju"},"button-sound-off":{"__uuid__":"17cpzNrLVMh5jVi72a9Xag"},"button-sound":{"__uuid__":"15wxHDD3xGo4BsfkH7e5b+"},"button-info":{"__uuid__":"6brBYfDK1B6qsqi9N4nNiF"},"button-settings":{"__uuid__":"bdJTa804pCo7DfXlnI/PFY"},"button-help":{"__uuid__":"42LmnJIQxJ8J91qhB9SQlg"},"Button server":{"__uuid__":"cfTVzMR4JI8KIHqDpVekib"},"Button_check":{"__uuid__":"8bzTDTOjxC1Jk5x+Mc0phq"}}}