{"__type__":"cc.SpriteAtlas","_spriteFrames":{"bomb_target":{"__uuid__":"5848k457BAIKlsd7aROZFN"},"normal_bg":{"__uuid__":"d2lNTozFJMJ6RULjim5bGq"},"dpad_bg":{"__uuid__":"d8ILMEVuBJhqSA4VsbI+xM"},"fire_bg":{"__uuid__":"2eWTMre7pEm74VlnSbqVg7"},"grass_bg":{"__uuid__":"66OfQEYRpOSJvZBOlXHjGa"},"fire":{"__uuid__":"05I3KWK2xAfIAAiPqZHIDq"},"grass":{"__uuid__":"d8plYg/2JJ7akYPNhwy1rN"},"ice":{"__uuid__":"a8Ouhx+B9BM6uHBx7EI642"},"dpad":{"__uuid__":"d1e+W0g0ZEj48AY0D4R5Xa"},"normal":{"__uuid__":"2doK4gP9JA75LQnWxFY7dy"},"normal_blue":{"__uuid__":"104gbR0h5IxKXe/P3r1iT1"},"normal_green":{"__uuid__":"085Jp54bpIVrRTf8DKGdYF"},"normal_red":{"__uuid__":"628rFsppNKq5k6f2kXLice"},"button-exit":{"__uuid__":"53n5rJgrdIV48pYI704qPN"},"ice_bg":{"__uuid__":"2e6nybXTBGNLO7JKn55H6Q"}}}