[{"__type__":"cc.SpriteFrame","content":{"name":"fire","texture":"11515c8a4","rect":[3,551,117,119],"offset":[-1.5,-1],"originalSize":[190,171],"capInsets":[0,0,0,0]}},{"__type__":"cc.SpriteFrame","content":{"name":"fire_bg","texture":"11515c8a4","rect":[3,257,142,141],"offset":[0,0],"originalSize":[146,145],"capInsets":[0,0,0,0]}},{"__type__":"cc.SpriteFrame","content":{"name":"normal_red","texture":"11515c8a4","rect":[151,357,94,95],"offset":[0.5,0],"originalSize":[95,95],"rotated":1,"capInsets":[0,0,0,0]}},{"__type__":"cc.SpriteFrame","content":{"name":"button","texture":"1e80240ab","rect":[3,3,241,74],"offset":[2,0],"originalSize":[245,78],"rotated":1,"capInsets":[0,0,0,0]}},{"__type__":"cc.SpriteFrame","content":{"name":"ice","texture":"11515c8a4","rect":[249,488,117,118],"offset":[-1.5,-1.5],"originalSize":[190,171],"capInsets":[0,0,0,0]}},{"__type__":"cc.SpriteFrame","content":{"name":"dpad","texture":"11515c8a4","rect":[372,488,112,112],"offset":[-0.5,-0.5],"originalSize":[119,119],"capInsets":[0,0,0,0]}},{"__type__":"cc.SpriteFrame","content":{"name":"normal_bg","texture":"11515c8a4","rect":[257,3,178,178],"offset":[0,0],"originalSize":[182,182],"capInsets":[0,0,0,0]}},[{"__type__":"cc.SceneAsset","_name":"tutorial","scene":{"__id__":1},"asyncLoadAssets":null},{"__type__":"cc.Scene","_name":"New Node","_children":[{"__id__":2}],"_active":false,"_anchorPoint":{"__type__":"cc.Vec2"},"_trs":{"__type__":"TypedArray","ctor":"Float64Array","array":[0,0,0,0,0,0,1,1,1,1]},"autoReleaseAssets":false},{"__type__":"cc.Node","_name":"Canvas","_parent":{"__id__":1},"_children":[{"__id__":3},{"__id__":4},{"__id__":6},{"__id__":27}],"_components":[{"__type__":"cc.Canvas","node":{"__id__":2},"_fitHeight":false},{"__type__":"9353alEtjFNbItXpbB1+rL+","node":{"__id__":2}},{"__type__":"7e6d3RG9LVNCoJ3C/bzKMtd","node":{"__id__":2},"worldMap":{"__id__":4},"bombPrefab":{"__uuid__":"d3ecRSNvNFmqvaf5qoVwbe"},"playerPrefabs":[{"__uuid__":"1dEUPFLk9C1KqZidlFyIVN"},{"__uuid__":"99M58uaA5A/qBG9F+DdbSU"},{"__uuid__":"ddIaLBYhhJ/p5KZcnNkGmW"}],"targetPrefab":{"__uuid__":"b1pq2WufdF4JSdYXowIfWn"},"btn_playnow":{"__id__":25}},{"__type__":"cc.Widget","node":{"__id__":2},"_alignFlags":45}],"_contentSize":{"__type__":"cc.Size","width":960,"height":640},"_trs":{"__type__":"TypedArray","ctor":"Float64Array","array":[480,320,0,0,0,0,1,1,1,1]},"_id":"31mZaPrNtLXYzBlhK6Ncqr"},{"__type__":"cc.Node","_name":"Main Camera","_parent":{"__id__":2},"_components":[{"__type__":"cc.Camera","node":{"__id__":3},"_cullingMask":2,"_nearClip":0.1}],"_trs":{"__type__":"TypedArray","ctor":"Float64Array","array":[0,0,481.51012450414794,0,0,0,1,1,1,1]}},{"__type__":"cc.Node","_name":"worldmap","_parent":{"__id__":2},"_children":[{"__id__":5},{"__type__":"cc.Node","_name":"tMap","_parent":{"__id__":4},"_active":false,"_contentSize":{"__type__":"cc.Size","width":2048,"height":2048},"_trs":{"__type__":"TypedArray","ctor":"Float64Array","array":[0,0,0,0,0,0,1,1,1,1]}}],"_contentSize":{"__type__":"cc.Size","width":2048,"height":2048},"_trs":{"__type__":"TypedArray","ctor":"Float64Array","array":[0,0,0,0,0,0,1,1,1,1]}},{"__type__":"cc.Node","_name":"Game Camera","_parent":{"__id__":4},"_components":[{"__type__":"cc.Camera","node":{"__id__":5},"_cullingMask":-3,"_clearFlags":7,"_depth":-1,"_nearClip":0.1},{"__type__":"9c66egflVFCbL4YF55lXtB/","node":{"__id__":5}},{"__type__":"cc.Widget","node":{"__id__":5},"_target":{"__id__":2},"_alignFlags":45}],"_contentSize":{"__type__":"cc.Size","width":960,"height":640},"_trs":{"__type__":"TypedArray","ctor":"Float64Array","array":[0,0,0,0,0,0,1,1,1,1]}},{"__type__":"cc.Node","_name":"uiRoot","_parent":{"__id__":2},"_children":[{"__id__":7},{"__id__":10},{"__id__":12},{"__id__":15},{"__id__":19},{"__id__":13},{"__id__":23},{"__id__":24},{"__id__":25}],"_components":[{"__type__":"cc.Widget","node":{"__id__":6},"_alignFlags":5,"_originalHeight":640}],"_contentSize":{"__type__":"cc.Size","width":960,"height":640},"_trs":{"__type__":"TypedArray","ctor":"Float64Array","array":[0,0,0,0,0,0,1,1,1,1]}},{"__type__":"cc.Node","_name":"tutorial_text","_parent":{"__id__":6},"_children":[{"__id__":8},{"__id__":9}],"_components":[{"__type__":"cc.Widget","node":{"__id__":7},"_alignFlags":1,"_top":111}],"_trs":{"__type__":"TypedArray","ctor":"Float64Array","array":[2,209,0,0,0,0,1,1,1,1]}},{"__type__":"cc.Node","_name":"bg","_parent":{"__id__":7},"_components":[{"__type__":"cc.Sprite","node":{"__id__":8},"_materials":[{"__uuid__":"ecpdLyjvZBwrvm+cedCcQy"}]}],"_contentSize":{"__type__":"cc.Size","width":723,"height":382},"_trs":{"__type__":"TypedArray","ctor":"Float64Array","array":[0,-18,0,0,0,0,1,0.9,0.65,1]}},{"__type__":"cc.Node","_name":"text","_parent":{"__id__":7},"_components":[{"__type__":"cc.Widget","node":{"__id__":9},"_alignFlags":16,"_top":0.15125,"_bottom":430,"_horizontalCenter":-8,"_isAbsTop":false,"_originalHeight":80},{"__type__":"cc.Label","node":{"__id__":9},"_materials":[{"__uuid__":"ecpdLyjvZBwrvm+cedCcQy"}],"_string":"Drag and drop","_N$string":"Drag and drop","_N$file":{"__uuid__":"7cdiSNMDRJ5YaLP+hB1G+M"},"_isSystemFontUsed":false,"_N$horizontalAlign":1,"_N$verticalAlign":1},{"__type__":"cc.LabelOutline","node":{"__id__":9},"_color":{"__type__":"cc.Color","r":48,"g":48,"b":204},"_width":2}],"_contentSize":{"__type__":"cc.Size","width":276.38,"height":54.4},"_trs":{"__type__":"TypedArray","ctor":"Float64Array","array":[-8,-14,0,0,0,0,1,1,1,1]}},{"__type__":"cc.Node","_name":"touchZone","_parent":{"__id__":6},"_children":[{"__id__":11}],"_components":[{"__type__":"cc.Widget","node":{"__id__":10},"_alignFlags":45}],"_contentSize":{"__type__":"cc.Size","width":960,"height":640},"_trs":{"__type__":"TypedArray","ctor":"Float64Array","array":[0,0,0,0,0,0,1,1,1,1]}},{"__type__":"cc.Node","_name":"block_input","_parent":{"__id__":10},"_active":false,"_components":[{"__type__":"cc.BlockInputEvents","node":{"__id__":11}}],"_contentSize":{"__type__":"cc.Size","width":960,"height":640},"_trs":{"__type__":"TypedArray","ctor":"Float64Array","array":[0,0,0,0,0,0,1,1,1,1]}},{"__type__":"cc.Node","_name":"controller","_parent":{"__id__":6},"_components":[{"__type__":"4b045MXXJRF6Y8osqSWdohC","node":{"__id__":12},"touchZone":{"__id__":10},"dpad":{"__id__":13},"buttonFire":{"__id__":15},"buttonSkill":{"__id__":19}}],"_contentSize":{"__type__":"cc.Size","width":960,"height":640},"_trs":{"__type__":"TypedArray","ctor":"Float64Array","array":[0,0,0,0,0,0,1,1,1,1]}},{"__type__":"cc.Node","_name":"d-pad","_parent":{"__id__":6},"_children":[{"__type__":"cc.Node","_name":"bg","_parent":{"__id__":13},"_trs":{"__type__":"TypedArray","ctor":"Float64Array","array":[0,0,0,0,0,0,1,1,1,1]}},{"__id__":14}],"_components":[{"__type__":"cc.Widget","node":{"__id__":13},"_alignFlags":8,"_left":32}],"_contentSize":{"__type__":"cc.Size","width":160,"height":160},"_trs":{"__type__":"TypedArray","ctor":"Float64Array","array":[-368,-215,0,0,0,0,1,1,1,1]}},{"__type__":"cc.Node","_name":"indicator","_parent":{"__id__":13},"_components":[{"__type__":"cc.Sprite","node":{"__id__":14},"_materials":[{"__uuid__":"ecpdLyjvZBwrvm+cedCcQy"}],"_spriteFrame":{"__uuid__":"d1e+W0g0ZEj48AY0D4R5Xa"}}],"_opacity":128,"_contentSize":{"__type__":"cc.Size","width":112,"height":112},"_trs":{"__type__":"TypedArray","ctor":"Float64Array","array":[0,0,0,0,0,0,1,1,1,1]}},{"__type__":"cc.Node","_name":"fire-pad","_parent":{"__id__":6},"_children":[{"__id__":16},{"__id__":17},{"__id__":18}],"_components":[{"__type__":"cc.Widget","node":{"__id__":15},"_alignFlags":33,"_left":280,"_right":25,"_top":435,"_originalWidth":180}],"_contentSize":{"__type__":"cc.Size","width":180,"height":180},"_trs":{"__type__":"TypedArray","ctor":"Float64Array","array":[365,-205,0,0,0,0,1,1,1,1]}},{"__type__":"cc.Node","_name":"bg","_parent":{"__id__":15},"_active":false,"_components":[{"__type__":"cc.Sprite","node":{"__id__":16},"_spriteFrame":{"__uuid__":"d2lNTozFJMJ6RULjim5bGq"},"_sizeMode":0}],"_contentSize":{"__type__":"cc.Size","width":182,"height":182},"_trs":{"__type__":"TypedArray","ctor":"Float64Array","array":[0,0,0,0,0,0,1,1,1,1]}},{"__type__":"cc.Node","_name":"indicator","_parent":{"__id__":15},"_components":[{"__type__":"cc.Sprite","node":{"__id__":17},"_materials":[{"__uuid__":"ecpdLyjvZBwrvm+cedCcQy"}],"_spriteFrame":{"__uuid__":"628rFsppNKq5k6f2kXLice"},"_sizeMode":0}],"_contentSize":{"__type__":"cc.Size","width":98,"height":98},"_trs":{"__type__":"TypedArray","ctor":"Float64Array","array":[0,0,0,0,0,0,1,1,1,1]}},{"__type__":"cc.Node","_name":"block_input","_parent":{"__id__":15},"_components":[{"__type__":"cc.BlockInputEvents","node":{"__id__":18}}],"_contentSize":{"__type__":"cc.Size","width":182,"height":182},"_trs":{"__type__":"TypedArray","ctor":"Float64Array","array":[0,0,0,0,0,0,1,1,1,1]}},{"__type__":"cc.Node","_name":"skill-pad","_parent":{"__id__":6},"_children":[{"__id__":20},{"__id__":21},{"__id__":22}],"_components":[{"__type__":"cc.Widget","node":{"__id__":19},"_alignFlags":36,"_right":26,"_bottom":220}],"_contentSize":{"__type__":"cc.Size","width":140,"height":140},"_trs":{"__type__":"TypedArray","ctor":"Float64Array","array":[384,-30,0,0,0,0,1,1,1,1]}},{"__type__":"cc.Node","_name":"bg","_parent":{"__id__":19},"_active":false,"_components":[{"__type__":"cc.Sprite","node":{"__id__":20},"_spriteFrame":{"__uuid__":"2eWTMre7pEm74VlnSbqVg7"}}],"_contentSize":{"__type__":"cc.Size","width":142,"height":141},"_trs":{"__type__":"TypedArray","ctor":"Float64Array","array":[0,0,0,0,0,0,1,1,1,1]}},{"__type__":"cc.Node","_name":"indicator","_parent":{"__id__":19},"_components":[{"__type__":"cc.Sprite","node":{"__id__":21},"_materials":[{"__uuid__":"ecpdLyjvZBwrvm+cedCcQy"}],"_spriteFrame":{"__uuid__":"05I3KWK2xAfIAAiPqZHIDq"}}],"_contentSize":{"__type__":"cc.Size","width":117,"height":119},"_trs":{"__type__":"TypedArray","ctor":"Float64Array","array":[0,0,0,0,0,0,1,1,1,1]}},{"__type__":"cc.Node","_name":"block_input","_parent":{"__id__":19},"_components":[{"__type__":"cc.BlockInputEvents","node":{"__id__":22}}],"_contentSize":{"__type__":"cc.Size","width":182,"height":182},"_trs":{"__type__":"TypedArray","ctor":"Float64Array","array":[0,0,0,0,0,0,1,1,1,1]}},{"__type__":"cc.Node","_name":"ice","_parent":{"__id__":6},"_active":false,"_components":[{"__type__":"cc.Sprite","node":{"__id__":23},"_spriteFrame":{"__uuid__":"a8Ouhx+B9BM6uHBx7EI642"}}],"_contentSize":{"__type__":"cc.Size","width":94,"height":98},"_trs":{"__type__":"TypedArray","ctor":"Float64Array","array":[0,0,0,0,0,0,1,1,1,1]}},{"__type__":"cc.Node","_name":"grass","_parent":{"__id__":6},"_active":false,"_components":[{"__type__":"cc.Sprite","node":{"__id__":24},"_spriteFrame":{"__uuid__":"d8plYg/2JJ7akYPNhwy1rN"}}],"_contentSize":{"__type__":"cc.Size","width":94,"height":98},"_trs":{"__type__":"TypedArray","ctor":"Float64Array","array":[0,0,0,0,0,0,1,1,1,1]}},{"__type__":"cc.Node","_name":"PlayNow","_parent":{"__id__":6},"_children":[{"__id__":26}],"_components":[{"__type__":"cc.Sprite","node":{"__id__":25},"_materials":[{"__uuid__":"ecpdLyjvZBwrvm+cedCcQy"}],"_spriteFrame":{"__uuid__":"9a4xD8sz1M478QtYapCS5d"},"_type":1,"_sizeMode":0},{"__type__":"cc.Button","node":{"__id__":25},"clickEvents":[{"__type__":"cc.ClickEvent","target":{"__id__":2},"_componentId":"7e6d3RG9LVNCoJ3C/bzKMtd","handler":"onPlayNowPress"}],"_N$transition":3,"transition":3,"_N$pressedColor":{"__type__":"cc.Color","r":255,"g":255,"b":255},"pressedColor":{"__type__":"cc.Color","r":255,"g":255,"b":255},"_N$disabledColor":{"__type__":"cc.Color","r":255,"g":255,"b":255},"_N$normalSprite":{"__uuid__":"9a4xD8sz1M478QtYapCS5d"},"_N$target":{"__id__":25}}],"_contentSize":{"__type__":"cc.Size","width":241,"height":74},"_trs":{"__type__":"TypedArray","ctor":"Float64Array","array":[-1,-240,0,0,0,0,1,1,1,1]}},{"__type__":"cc.Node","_name":"Label","_parent":{"__id__":25},"_components":[{"__type__":"cc.Label","node":{"__id__":26},"_materials":[{"__uuid__":"ecpdLyjvZBwrvm+cedCcQy"}],"_useOriginalSize":false,"_string":"Play Now!","_N$string":"Play Now!","_fontSize":30,"_enableWrapText":false,"_N$file":{"__uuid__":"7cdiSNMDRJ5YaLP+hB1G+M"},"_isSystemFontUsed":false,"_N$horizontalAlign":1,"_N$verticalAlign":1,"_N$overflow":1}],"_color":{"__type__":"cc.Color"},"_contentSize":{"__type__":"cc.Size","width":241,"height":70},"_trs":{"__type__":"TypedArray","ctor":"Float64Array","array":[0,0,0,0,0,0,1,1,1,1]}},{"__type__":"cc.Node","_name":"hand","_parent":{"__id__":2},"_children":[{"__type__":"cc.Node","_name":"hand_touch","_parent":{"__id__":27},"_active":false,"_contentSize":{"__type__":"cc.Size","width":32,"height":24},"_anchorPoint":{"__type__":"cc.Vec2","x":0.09546889449582915,"y":0.9514478539275009},"_trs":{"__type__":"TypedArray","ctor":"Float64Array","array":[-0.7,3.9,0,0,0,0,1,1,1,1]}}],"_contentSize":{"__type__":"cc.Size","width":216,"height":160},"_anchorPoint":{"__type__":"cc.Vec2","x":0.5156252624506594,"y":0.8999999999999997},"_trs":{"__type__":"TypedArray","ctor":"Float64Array","array":[-369,-215,0,0,0,0,1,1,1,1]}}],{"__type__":"cc.SpriteFrame","content":{"name":"grass","texture":"11515c8a4","rect":[126,551,117,119],"offset":[-1.5,-1],"originalSize":[190,171],"capInsets":[0,0,0,0]}}]