{"__type__":"cc.SpriteAtlas","_spriteFrames":{"popup-tab-map":{"__uuid__":"c0+uxI2FlOjI75ibVXcxg1"},"popup-tab-mc":{"__uuid__":"d49be+9jtO2pLCWaMdrcbX"},"popup-arrow_right":{"__uuid__":"b78QOwZGpEfYydv2ssgBFc"},"popup-bg":{"__uuid__":"01oJ8ryfxHdK/wkkoFRSlF"},"Slect Sever Board":{"__uuid__":"880nsw1OpELJHJgG3H52ks"},"popup-button-x":{"__uuid__":"53icZn+FBJCpY0mCKVBwAT"},"popup-control-type":{"__uuid__":"92oqBXasdFaYxcQJs+Rayn"},"Slect Sever Button_disable":{"__uuid__":"08Z2yaGQpLnJMi8d+e3lYm"},"popup-title":{"__uuid__":"60vx+98WhDg5iBGFm4lP+f"},"popup-tab-selected-map":{"__uuid__":"22STpaNzpBAIYB2yi6vyvo"},"popup-character-name":{"__uuid__":"c3RYumYwZLX6raxpi0NAyn"},"popup-tab-selected-bomb":{"__uuid__":"90kCxDKNZNybQK8r2YdiZy"},"Slect Sever Button_hLight":{"__uuid__":"e1gi9V0NBB5JNAbbqrjR9k"},"popup-bomb-red":{"__uuid__":"20NB79/IlJk7s5KpH5qdDl"},"popup-map-fire":{"__uuid__":"003THRgpdGwYLTttdfD2sd"},"popup-map-grass":{"__uuid__":"0eZE5TgRZCFZagcl8Y1LwS"},"popup-map-ice":{"__uuid__":"a6kKzzcMBB8rwOFTHmT5vg"},"popup-bomb-blue":{"__uuid__":"7bLZG7s0xEQ6r5jvtQBA4W"},"popup-control-type-swipe":{"__uuid__":"e6Ds2/zzFAcLyKN43R2A0A"},"popup-bomb-green":{"__uuid__":"26w/srLfBHt7zUQ1Kggp25"},"popup-tab-selected-mc":{"__uuid__":"ecNWervbREu6hZGBtc0B84"},"popup-lable":{"__uuid__":"b10XP0QHVBYbuTHzq+YT0v"},"Slect Sever Button":{"__uuid__":"7boG8fE9hPerx7Rrqrfz5k"},"Slect Sever Button Join now":{"__uuid__":"6byiuVwL1JkqYtQEZ+1rWt"},"popup-control-tick":{"__uuid__":"e1lphPzddBrJVSinlt2DPJ"},"popup-arrow_left":{"__uuid__":"c4GH1E4LJOQ7oVOly7UTIN"},"popup-control-type-dpad":{"__uuid__":"cdBF3hZMtDIKA2MRkIEMi2"},"Slect Sever Button_hLight01":{"__uuid__":"1aDTcIeoVEC6i4NJS3GTr6"},"popup-tab-bomb":{"__uuid__":"08cfy8ST9Hlp47XeICFFyW"},"popup-box":{"__uuid__":"9d51HCjaVKp6IloLgeG2Sz"}}}