{"__type__":"cc.SpriteAtlas","_spriteFrames":{"005":{"__uuid__":"75/3rT1NFPHK1DyNXFNm8Y"},"007":{"__uuid__":"c09gxLMd5IBKIhDV5Fb6sG"},"popup-mc-penguin":{"__uuid__":"36T1yqaB9JkoOH5S4b5C6u"},"grass_002":{"__uuid__":"6cD9nxezVKlbLFhFWPsxn8"},"fire_003":{"__uuid__":"62Z6avul5IxJ9PjbF5rylC"},"ice_003":{"__uuid__":"eckuRtAllFCqycAmm4nu3V"},"button-play":{"__uuid__":"2eTOK+pHRF9JjWCXgSx3AY"},"normal_bg":{"__uuid__":"d2lNTozFJMJ6RULjim5bGq"},"lb_bg":{"__uuid__":"a13GVL6GNCxazbjeTvYYnu"},"grass_004":{"__uuid__":"4eSvhdae5G1aSuLMB28D+U"},"grass_005":{"__uuid__":"30rWq3TDpJHqvB9GpO/xPZ"},"grass_006":{"__uuid__":"38jis27B9M+7/dRyduBMhk"},"fire_006":{"__uuid__":"755y1g3aRNAJ3KxVsjmyZB"},"Slect Sever Button Join now":{"__uuid__":"6byiuVwL1JkqYtQEZ+1rWt"},"Slect Sever Button_hLight01":{"__uuid__":"1aDTcIeoVEC6i4NJS3GTr6"},"ice_006":{"__uuid__":"15AT7kGsNFJ6NcFo5Hhimn"},"fire_005":{"__uuid__":"12xd6jDmBPX4re41W/f1Rb"},"ice_005":{"__uuid__":"13NaLMqTpM9pGPEs3EVenn"},"grass_003":{"__uuid__":"41+lng+aBMJqmRhpMFRkLf"},"fire_001":{"__uuid__":"67PDbTIwJOcovlF0Y4Bk7N"},"popup-box":{"__uuid__":"9d51HCjaVKp6IloLgeG2Sz"},"fire_004":{"__uuid__":"75jRYhC7pE0ak4JU0e8y7h"},"ice_004":{"__uuid__":"26bNd1sCJPE5mHjPDsOSuq"},"ice_002":{"__uuid__":"716b7RjRpBlY0zL8G2in+z"},"popup-bomb-green":{"__uuid__":"26w/srLfBHt7zUQ1Kggp25"},"fire_007":{"__uuid__":"f641Q5//JEK6izkFM7A9pk"},"dpad_bg":{"__uuid__":"d8ILMEVuBJhqSA4VsbI+xM"},"popup-bomb-red":{"__uuid__":"20NB79/IlJk7s5KpH5qdDl"},"popup-map-fire":{"__uuid__":"003THRgpdGwYLTttdfD2sd"},"grass_007":{"__uuid__":"dc3bX2l/tPWYAp63Ap4XmG"},"004":{"__uuid__":"5dAX9vmcxDGpWuybskYTZW"},"popup-map-grass":{"__uuid__":"0eZE5TgRZCFZagcl8Y1LwS"},"result_bg":{"__uuid__":"c4oqta7yFCW5gzc8iYilVe"},"title":{"__uuid__":"ccuKyYnDBHia7yj3seteS2"},"greeting-bg":{"__uuid__":"b2Z/tUDGRKvYdqjze5hTYJ"},"popup-lable":{"__uuid__":"b10XP0QHVBYbuTHzq+YT0v"},"popup-mc-rabbit":{"__uuid__":"7fbW/CauRK4ITgS4gHCnj0"},"Slect Sever Board":{"__uuid__":"880nsw1OpELJHJgG3H52ks"},"popup-control-type":{"__uuid__":"92oqBXasdFaYxcQJs+Rayn"},"popup-mc-leaf":{"__uuid__":"64HHM+zolPl4w63jni9MLW"},"002":{"__uuid__":"7b0ZIXZo1L74yEU0FShPio"},"popup-tab-selected-bomb":{"__uuid__":"90kCxDKNZNybQK8r2YdiZy"},"move":{"__uuid__":"eapNk8ZfpPnaThU8XTUEE2"},"popup-tab-selected-mc":{"__uuid__":"ecNWervbREu6hZGBtc0B84"},"fire_002":{"__uuid__":"2152Y1UCRHrbZdNDnzvmY3"},"button_replay":{"__uuid__":"84gf/ApXhAVo+u2LotLWv9"},"ap_bg":{"__uuid__":"49RfY9VgBN65bcSIb3fzDG"},"bar":{"__uuid__":"1bJj4lgE5Gep3fMczfsbrB"},"001":{"__uuid__":"3dPs90HntBwaGmPMIM8I/c"},"blood_seg":{"__uuid__":"5dSFEoPytHw6v/eJLWVAKU"},"003":{"__uuid__":"67hws7CftD0KkbPYsSJunW"},"blood_green":{"__uuid__":"e0y43UZtVIDowMYShLP/8Q"},"blood_red":{"__uuid__":"c31ocBmFtD9pDPr9+hMiNS"},"blood":{"__uuid__":"48+X0Ak+tEDbQEMv/w/pUl"},"normal":{"__uuid__":"2doK4gP9JA75LQnWxFY7dy"},"lb_title":{"__uuid__":"2coVa290ND3ogkmHQkZl/K"},"leave_bg":{"__uuid__":"7eB8r/zmFHBoPjzFpzGN/c"},"bomb-shadow":{"__uuid__":"cet090fI5BkrNkVFMWW0XR"},"popup-bg":{"__uuid__":"01oJ8ryfxHdK/wkkoFRSlF"},"008":{"__uuid__":"68O4umEAhMDa15x+rLR80G"},"popup-title":{"__uuid__":"60vx+98WhDg5iBGFm4lP+f"},"popup-tab-selected-map":{"__uuid__":"22STpaNzpBAIYB2yi6vyvo"},"grass_000":{"__uuid__":"1azAUO0C9BL5ya5001pfRC"},"006":{"__uuid__":"39Eo38o9BHbrMzqaMxgaz0"},"button":{"__uuid__":"9a4xD8sz1M478QtYapCS5d"},"bg":{"__uuid__":"d5s5GwiaNExaIJgOqJXBj1"},"mm_bg":{"__uuid__":"5aUwKHETRK5ZhAbmqkoqFv"},"popup-control-tick":{"__uuid__":"e1lphPzddBrJVSinlt2DPJ"},"mc-box":{"__uuid__":"fbbpxPGA1BvbTGjuzlRr/u"},"border":{"__uuid__":"c67ViybQdC5bjCl/T09V6J"},"leaving_mc":{"__uuid__":"a82+EWkidLjIvwqhHA52dc"},"popup-character-name":{"__uuid__":"c3RYumYwZLX6raxpi0NAyn"},"grass":{"__uuid__":"d8plYg/2JJ7akYPNhwy1rN"},"ice":{"__uuid__":"a8Ouhx+B9BM6uHBx7EI642"},"skullcap":{"__uuid__":"62u/lHKaBDrp2z84w+MfOW"},"copper":{"__uuid__":"80DkLio5hHj7JACMu+nes5"},"gold":{"__uuid__":"b1nau02WhCL65NNGoWZDJd"},"silver":{"__uuid__":"ee2eKtrshHt7Vp1k14f2+z"},"bomb_target":{"__uuid__":"5848k457BAIKlsd7aROZFN"},"Slect Sever Button_disable":{"__uuid__":"08Z2yaGQpLnJMi8d+e3lYm"},"Slect Sever Button_hLight":{"__uuid__":"e1gi9V0NBB5JNAbbqrjR9k"},"Slect Sever Button":{"__uuid__":"7boG8fE9hPerx7Rrqrfz5k"},"Splash_960x640":{"__uuid__":"8e2Kwv9/9OfYxkRl7oPqu0"},"buble":{"__uuid__":"bbKIxIa/tFU6ggM6yAGE6B"},"popup-button-x":{"__uuid__":"53icZn+FBJCpY0mCKVBwAT"},"exit_button":{"__uuid__":"5a/rcwHS9FhZcSyAVDOn7t"},"fire":{"__uuid__":"05I3KWK2xAfIAAiPqZHIDq"},"popup-map-ice":{"__uuid__":"a6kKzzcMBB8rwOFTHmT5vg"},"popup-bomb-blue":{"__uuid__":"7bLZG7s0xEQ6r5jvtQBA4W"},"grass_001":{"__uuid__":"cfkyXAW/xP6aa3pQaCK+mw"},"fire_bg":{"__uuid__":"2eWTMre7pEm74VlnSbqVg7"},"grass_bg":{"__uuid__":"66OfQEYRpOSJvZBOlXHjGa"},"ice_bg":{"__uuid__":"2e6nybXTBGNLO7JKn55H6Q"},"popup-tab-bomb":{"__uuid__":"08cfy8ST9Hlp47XeICFFyW"},"ice_001":{"__uuid__":"54prqFoONP6IqYZMHPZSzS"},"popup-control-type-swipe":{"__uuid__":"e6Ds2/zzFAcLyKN43R2A0A"},"popup-control-type-dpad":{"__uuid__":"cdBF3hZMtDIKA2MRkIEMi2"},"skill-fire":{"__uuid__":"382UlwBcxAjp7DeS8ZkQNT"},"skill-grass":{"__uuid__":"76/769kSFG84YxcyR+gaF5"},"skill-ice":{"__uuid__":"bdjR1s4UNOv7dVlz7leqju"},"popup-tab-map":{"__uuid__":"c0+uxI2FlOjI75ibVXcxg1"},"popup-tab-mc":{"__uuid__":"d49be+9jtO2pLCWaMdrcbX"},"dpad":{"__uuid__":"d1e+W0g0ZEj48AY0D4R5Xa"},"ice_007":{"__uuid__":"e2brpuKmNNTaTbjPzFbT6T"},"fire_000":{"__uuid__":"5cy2F4fMJMHpJGLpUb6elk"},"ice_000":{"__uuid__":"25VemRsf9FPp7+EPC3kMB9"},"button-sound-off":{"__uuid__":"17cpzNrLVMh5jVi72a9Xag"},"button-sound":{"__uuid__":"15wxHDD3xGo4BsfkH7e5b+"},"button_yes":{"__uuid__":"1aoqgVuwJLX7fxithxwsNg"},"button-info":{"__uuid__":"6brBYfDK1B6qsqi9N4nNiF"},"normal_blue":{"__uuid__":"104gbR0h5IxKXe/P3r1iT1"},"normal_green":{"__uuid__":"085Jp54bpIVrRTf8DKGdYF"},"normal_red":{"__uuid__":"628rFsppNKq5k6f2kXLice"},"button-settings":{"__uuid__":"bdJTa804pCo7DfXlnI/PFY"},"button-help":{"__uuid__":"42LmnJIQxJ8J91qhB9SQlg"},"Button server":{"__uuid__":"cfTVzMR4JI8KIHqDpVekib"},"kill":{"__uuid__":"df4ex5XUZJULB5YMMzXo2X"},"time":{"__uuid__":"30eMBZ465ETJCikHTQE2fZ"},"skill":{"__uuid__":"e3FeP936FJHawGeYpucEvi"},"tick":{"__uuid__":"54YdALRLtIK7AmKjHaxFt2"},"damage":{"__uuid__":"f6sQ43xi5Bna0xgkTJDsET"},"shield":{"__uuid__":"20xbwxgQpJJIk0Cr48SxTW"},"exper":{"__uuid__":"6fD4B51nVORaT9xwHDwu+M"},"Button_check":{"__uuid__":"8bzTDTOjxC1Jk5x+Mc0phq"},"popup-arrow_left":{"__uuid__":"c4GH1E4LJOQ7oVOly7UTIN"},"popup-arrow_right":{"__uuid__":"b78QOwZGpEfYydv2ssgBFc"},"button-exit":{"__uuid__":"53n5rJgrdIV48pYI704qPN"}}}